"Channel 3_x","Channel 3_y"
0.5223789215,0.2779,
1.528428793,0.2819,
2.538603544,0.2813,
3.544372082,0.2801,
4.550419569,0.2805,
5.556586981,0.279,
6.56248045,0.2798,
7.568419695,0.2819,
8.574487925,0.2827,
9.580651283,0.2804,
10.5867722,0.2843,
11.59292245,0.2822,
12.59847569,0.2827,
13.60463953,0.2819,
14.61088586,0.2789,
15.61718988,0.2797,
16.62278056,0.2806,
17.62994385,0.2821,
18.64221144,0.2822,
19.64842224,0.2822,
20.6544733,0.28,
21.65987635,0.2799,
22.6661613,0.2813,
23.67230034,0.2806,
24.67834401,0.2782,
25.68586111,0.2818,
26.69250202,0.283,
27.69983983,0.2827,
28.70601106,0.2814,
29.71234798,0.2843,
30.71939564,0.281,
31.7256093,0.2831,
32.73122239,0.2815,
33.73751569,0.2823,
34.74364114,0.2821,
35.74989748,0.2822,
36.7562604,0.2834,
37.76246762,0.2797,
38.76878119,0.2796,
39.77447438,0.2809,
40.78062463,0.2809,
41.78647542,0.2807,
42.79274321,0.2801,
43.79901099,0.2795,
44.80530405,0.2835,
45.81143546,0.2802,
46.81764197,0.2804,
47.82378626,0.2809,
48.82987332,0.2801,
49.8356297,0.2811,
50.84174037,0.2823,
51.84785581,0.2812,
52.85410237,0.2827,
53.85984826,0.2806,
54.86607409,0.2821,
55.87223792,0.2809,
56.8784976,0.2804,
57.88469386,0.2816,
58.89087343,0.2797,
59.89714599,0.2812,
60.90351415,0.2809,
61.90935922,0.2799,
62.91523409,0.2785,
63.92156076,0.2792,
64.92784762,0.2775,
65.93405581,0.2803,
66.94027686,0.2797,
67.94648218,0.2787,
68.95269036,0.2805,
69.95893931,0.2801,
70.96533084,0.2819,
71.97160697,0.2823,
72.97781205,0.2812,
73.98407745,0.2819,
74.98986125,0.2801,
75.9962523,0.2817,
77.00253773,0.2799,
78.00891256,0.2846,
79.01448607,0.2836,
80.02079415,0.2821,
81.02702236,0.2792,
82.03343415,0.2785,
83.03907442,0.2813,
84.0453198,0.279,
85.05152011,0.2812,
86.05767441,0.2783,
87.06403446,0.2797,
88.06987405,0.2816,
89.07605886,0.2832,
90.08228064,0.2788,
91.08854938,0.2794,
92.09477425,0.2797,
93.10101533,0.2831,
94.10649395,0.2804,
95.11264038,0.2799,
96.11890244,0.284,
97.12514997,0.2798,
98.13142896,0.2788,
99.13765144,0.2812,
100.1439271,0.2805,
101.1498487,0.2801,
102.1560884,0.2803,
103.1616569,0.2798,
104.1679015,0.2784,
105.1741533,0.2818,
106.1798525,0.2808,
107.1861346,0.2798,
108.1924586,0.2823,
109.1988473,0.2805,
110.2052176,0.2782,
111.2114785,0.2808,
112.2177188,0.2788,
113.22367,0.2801,
114.2298458,0.2796,
115.2360928,0.2819,
116.242404,0.2802,
117.2487123,0.2803,
118.2542503,0.2792,
119.2598846,0.2821,
120.2661979,0.2804,
121.2724712,0.2809,
122.2784963,0.281,
123.2847116,0.2783,
124.2904937,0.2798,
125.296757,0.2843,
126.303051,0.283,
127.3094215,0.2836,
128.3157027,0.282,
129.3219123,0.2794,
130.3280706,0.2801,
131.334301,0.2809,
132.3398445,0.2818,
133.3462143,0.2801,
134.3525777,0.28,
135.3590558,0.2827,
136.3654246,0.2788,
137.3716679,0.2802,
138.3779328,0.2805,
139.3843944,0.2816,
140.390487,0.2799,
141.3969429,0.2825,
142.4032145,0.281,
143.4095347,0.2803,
144.4158316,0.2822,
145.4221632,0.2828,
146.4283969,0.2814,
147.4347024,0.2806,
148.4410706,0.2793,
149.4474404,0.2811,
150.4537117,0.2811,
151.4600158,0.2812,
152.4663975,0.2799,
153.4727631,0.2812,
154.4784856,0.2813,
155.4842584,0.2813,
156.4898703,0.2802,
157.4961255,0.2806,
158.5024819,0.2806,
159.5087214,0.279,
160.5148516,0.2802,
161.5210032,0.2813,
162.526619,0.2824,
163.5328596,0.2781,
164.5392489,0.2814,
165.5456474,0.2786,
166.5519803,0.2803,
167.5583551,0.2787,
168.5648255,0.2802,
169.5704851,0.2812,
170.5769961,0.2806,
171.5834475,0.28,
172.5898607,0.2816,
173.5962687,0.2814,
174.6024706,0.2821,
175.6089303,0.2826,
176.6154695,0.2794,
177.6216798,0.2836,
178.6286945,0.28,
179.638026,0.2821,
180.644325,0.2817,
181.649864,0.2821,
182.656323,0.2817,
183.662472,0.2829,
184.6689563,0.2814,
185.67558,0.2849,
186.6864858,0.2846,
187.694504,0.2849,
188.7036154,0.2843,
189.7094145,0.2849,
190.7155285,0.2857,
191.7211983,0.2833,
192.7264764,0.283,
193.7327127,0.2836,
194.7384684,0.281,
195.7447636,0.2825,
196.7520013,0.2824,
197.7584774,0.2844,
198.7648027,0.2802,
199.7704737,0.2809,
200.7767718,0.2814,
201.7831888,0.2808,
202.7895315,0.279,
203.7959478,0.2804,
204.8022833,0.2808,
205.8086278,0.2812,
206.8149474,0.2797,
207.8212163,0.2819,
208.8274972,0.279,
209.8337142,0.2794,
210.8398454,0.2794,
211.8462348,0.2784,
212.8526092,0.2807,
213.8589182,0.2802,
214.8652318,0.2811,
215.8716631,0.2829,
216.8780336,0.2808,
217.884372,0.2784,
218.8908427,0.2647,
219.8972449,0.2684,
220.9035602,0.2667,
221.909832,0.2684,
222.9160831,0.2662,
223.9222975,0.2645,
224.9277837,0.2797,
225.9341371,0.2818,
226.9402544,0.2798,
227.9461188,0.2804,
228.952179,0.2813,
229.9584274,0.2803,
230.9646606,0.2819,
231.9698446,0.2791,
232.9761536,0.2799,
233.9819129,0.2778,
234.98823,0.279,
235.9944735,0.2816,
236.9999938,0.2804,
238.0061526,0.2845,
239.0124199,0.2805,
240.0186727,0.2805,
241.0248868,0.2807,
242.0311413,0.2794,
243.037282,0.2786,
244.0427666,0.2811,
245.049052,0.2807,
246.0551515,0.2816,
247.0614798,0.2824,
248.0676517,0.2806,
249.0738909,0.2831,
250.079859,0.281,
251.0861256,0.283,
252.0924211,0.2786,
253.0988417,0.2824,
254.1051686,0.2796,
255.1114969,0.2808,
256.1178958,0.2817,
257.124084,0.2814,
258.1303861,0.2809,
259.1368241,0.2811,
260.1431053,0.2789,
261.1494472,0.2783,
262.1558058,0.2819,
263.1620798,0.2802,
264.1683435,0.282,
265.174824,0.2829,
266.1811817,0.2813,
267.1874983,0.2796,
268.1940742,0.2806,
269.1998618,0.2821,
270.2062368,0.2788,
271.2126055,0.2822,
272.2187922,0.2792,
273.2246709,0.2805,
274.2310662,0.2812,
275.2373297,0.2802,
276.2437069,0.2799,
277.2498722,0.2806,
278.2561545,0.2806,
279.2622418,0.2849,
280.2684369,0.2813,
281.2743709,0.278,
282.2808003,0.2805,
283.2870402,0.283,
284.2929342,0.2794,
285.2992294,0.2817,
286.3054445,0.28,
287.3119233,0.2797,
288.3181129,0.2799,
289.3245573,0.2811,
290.3309193,0.2818,
291.3373308,0.2804,
292.3437276,0.2826,
293.3492777,0.2815,
294.3556869,0.2796,
295.3619783,0.2802,
296.3682499,0.2799,
297.3746252,0.2765,
298.3809793,0.2803,
299.3873045,0.2787,
300.3932509,0.2774,
301.3995097,0.2837,
302.4058833,0.2792,
303.4123154,0.2801,
304.4189034,0.2803,
305.4254053,0.2806,
306.4318986,0.2787,
307.4382665,0.2834,
308.4447396,0.2811,
309.450984,0.281,
310.4571433,0.2802,
311.4633517,0.2799,
312.4697223,0.2824,
313.4759722,0.2774,
314.4822388,0.2797,
315.4886622,0.2815,
316.4950924,0.2825,
317.5005054,0.2819,
318.506984,0.2798,
319.5132992,0.2792,
320.5198605,0.2804,
321.526305,0.282,
322.5327229,0.279,
323.5392637,0.2794,
324.5455666,0.279,
325.551908,0.2788,
326.5581803,0.2811,
327.5645261,0.2805,
328.5708976,0.2785,
329.5771518,0.281,
330.5827374,0.2786,
331.5891354,0.2791,
332.5953882,0.281,
333.6017742,0.2798,
334.6081443,0.2816,
335.6145132,0.2797,
336.6210454,0.2812,
337.6277843,0.2808,
338.636106,0.2828,
339.6450987,0.281,
340.6505902,0.2831,
341.6569874,0.2843,
342.6633627,0.2804,
343.6697369,0.2821,
344.6751678,0.2842,
345.6817229,0.2817,
346.6949968,0.2817,
347.7043109,0.2823,
348.710813,0.2857,
349.7172079,0.2824,
350.7235775,0.2813,
351.7298274,0.2841,
352.7363391,0.2827,
353.7424736,0.2849,
354.7489328,0.2807,
355.7544758,0.2831,
356.7607784,0.2812,
357.7679064,0.2792,
358.7743275,0.278,
359.7807877,0.2804,
360.7864723,0.28,
361.7928517,0.2813,
362.7984807,0.2829,
363.8047771,0.2805,
364.8111339,0.2817,
365.8175306,0.2811,
366.8239069,0.278,
367.8302431,0.2796,
368.8367305,0.281,
369.8429992,0.281,
370.8493545,0.2808,
371.8557303,0.2789,
372.8621573,0.2815,
373.8693428,0.2831,
374.8757436,0.2801,
375.8820324,0.2806,
376.8881438,0.281,
377.8946724,0.2805,
378.901161,0.2794,
379.9076529,0.2786,
380.9141312,0.2815,
381.9204776,0.2799,
382.926861,0.2819,
383.9332378,0.2822,
384.9396427,0.2815,
385.9459963,0.2793,
386.9526324,0.2794,
387.9589133,0.2791,
388.9654467,0.2794,
389.9719307,0.2775,
390.9782906,0.2843,
391.9842615,0.283,
392.9906604,0.2816,
393.9969513,0.2802,
395.0024984,0.2797,
396.0082963,0.2799,
397.0146997,0.2823,
398.021033,0.278,
399.0277991,0.2803,
400.034286,0.2804,
401.0407784,0.279,
402.047157,0.2798,
403.0536587,0.2781,
404.0600054,0.2808,
405.0664172,0.2812,
406.0727761,0.2791,
407.0792489,0.2779,
408.0856211,0.2791,
409.0925894,0.2786,
410.0991728,0.2802,
411.1056638,0.278,
412.112061,0.2816,
413.1185472,0.2802,
414.1249721,0.2781,
415.1313605,0.2806,
416.1378725,0.2802,
417.1442442,0.2783,
418.1502137,0.2785,
419.1568334,0.2801,
420.1633372,0.2783,
421.1698549,0.2799,
422.1762493,0.2809,
423.1825814,0.2802,
424.1891403,0.2813,
425.1955886,0.2805,
426.2021332,0.2797,
427.2085907,0.2812,
428.214952,0.2789,
429.2214589,0.2805,
430.227597,0.2812,
431.2339413,0.2763,
432.2398462,0.2793,
433.2463174,0.2811,
434.2527399,0.2789,
435.2591653,0.2804,
436.2655277,0.2802,
437.2718673,0.2799,
438.2782836,0.2799,
439.28424,0.2786,
440.290482,0.2788,
441.2967997,0.2782,
442.3032467,0.2809,
443.3095207,0.2814,
444.3158731,0.2813,
445.3222785,0.28,
446.3286176,0.2796,
447.3351269,0.2789,
448.3415687,0.2813,
449.3480155,0.2799,
450.3544865,0.2816,
451.3608797,0.2823,
452.3675001,0.2797,
453.3738918,0.2803,
454.3804018,0.2773,
455.3867424,0.2813,
456.3930731,0.28,
457.3994656,0.2814,
458.4058673,0.2799,
459.4123149,0.2815,
460.4186862,0.2798,
461.424932,0.284,
462.4305005,0.2819,
463.4368541,0.281,
464.4432211,0.2811,
465.4496019,0.284,
466.456125,0.2829,
467.4624701,0.2814,
468.468796,0.2801,
469.4751647,0.2788,
470.4815402,0.282,
471.4881074,0.279,
472.4946144,0.2798,
473.5010617,0.2801,
474.5075612,0.2817,
475.5139771,0.2821,
476.5204728,0.2816,
477.5269692,0.2778,
478.5335472,0.283,
479.5399528,0.2806,
480.5464032,0.2796,
481.5528753,0.2826,
482.5591247,0.279,
483.5653691,0.2815,
484.5718753,0.2803,
485.5784371,0.281,
486.584883,0.2789,
487.5913746,0.2788,
488.5977178,0.2812,
489.6041462,0.2821,
490.6104946,0.2794,
491.6168571,0.2808,
492.6232769,0.2837,
493.6302214,0.2816,
494.6422575,0.2815,
495.6486216,0.2822,
496.6550951,0.2814,
497.6614294,0.2806,
498.6682723,0.28,
499.6745808,0.2807,
500.6859076,0.2841,
501.6931825,0.2825,
502.70155,0.2811,
503.7080495,0.2819,
504.7144337,0.2824,
505.7209206,0.283,
506.7264676,0.2817,
507.7327709,0.2815,
508.7384646,0.2815,
509.7449238,0.2854,
510.7504723,0.2826,
511.7568307,0.2797,
512.7624767,0.2795,
513.7688351,0.2835,
514.7747517,0.2812,
515.7812009,0.2832,
516.7874722,0.2811,
517.7938218,0.2804,
518.8002143,0.2807,
519.8065443,0.2813,
520.813529,0.2816,
521.8198838,0.2827,
522.8262186,0.2801,
523.8325937,0.283,
524.8391235,0.2799,
525.8455966,0.2786,
526.8521402,0.2789,
527.8585708,0.2796,
528.8650081,0.2798,
529.8714623,0.2816,
530.8778625,0.2789,
531.8843789,0.2806,
532.8908401,0.2796,
533.8972921,0.2782,
534.9037318,0.2772,
535.9098561,0.2781,
536.9163103,0.2782,
537.9221942,0.2819,
538.9287391,0.2846,
539.9344904,0.2788,
540.9410717,0.279,
541.9476168,0.2811,
542.9541969,0.2799,
543.9607465,0.282,
544.9664795,0.2821,
545.9729261,0.2795,
546.9792917,0.2792,
547.9851904,0.2801,
548.9916067,0.2817,
549.9979076,0.2809,
551.0042801,0.2785,
552.0098472,0.2799,
553.016207,0.2776,
554.0227294,0.2796,
555.0292284,0.2801,
556.0358148,0.2789,
557.0421352,0.2814,
558.0486317,0.2804,
559.0543814,0.28,
560.0610399,0.2786,
561.0673733,0.2799,
562.0732238,0.2796,
563.0797255,0.2803,
564.0860724,0.2792,
565.0925641,0.2799,
566.0990651,0.2802,
567.1054623,0.28,
568.1120608,0.2791,
569.1186633,0.281,
570.1252201,0.2796,
571.1316712,0.282,
572.138166,0.279,
573.1445765,0.2822,
574.151067,0.2807,
575.1574564,0.2815,
576.1639552,0.2807,
577.1695788,0.281,
578.1760116,0.2814,
579.1825249,0.2805,
580.1891108,0.2806,
581.1954391,0.2803,
582.2018425,0.281,
583.2081764,0.2799,
584.2146161,0.2793,
585.2211239,0.2778,
586.2274945,0.2788,
587.2338755,0.2795,
588.2402506,0.2824,
589.2467489,0.2811,
590.2532408,0.2796,
591.2596328,0.2784,
592.2660067,0.2801,
593.272373,0.2797,
594.2787445,0.2795,
595.2841787,0.279,
596.2905147,0.2791,
597.2968953,0.2813,
598.3024938,0.2808,
599.3089459,0.2798,
600.3153203,0.2798,
601.3216901,0.2817,
602.3278294,0.2785,
603.3341348,0.2794,
604.340472,0.2804,
605.346863,0.2785,
606.3532636,0.2805,
607.3594441,0.2778,
608.3659358,0.2798,
609.3724105,0.2799,
610.3788869,0.2796,
611.3853283,0.2777,
612.3918185,0.2806,
613.3982639,0.2805,
614.4046471,0.2801,
615.410876,0.2769,
616.4171433,0.2788,
617.4234662,0.2813,
618.4297297,0.2796,
619.4360771,0.2782,
620.4425309,0.282,
621.4487875,0.2782,
622.4549937,0.2798,
623.4613364,0.2796,
624.4675782,0.2803,
625.4738433,0.2807,
626.4798505,0.2864,
627.4861739,0.2804,
628.4925065,0.2793,
629.4988465,0.2814,
630.505291,0.2779,
631.5117714,0.2807,
632.5181706,0.2813,
633.5245206,0.2822,
634.5304711,0.2796,
635.5369327,0.2827,
636.5433781,0.2811,
637.5492854,0.2814,
638.555598,0.2802,
639.5619233,0.2813,
640.5683026,0.2855,
641.5745304,0.2816,
642.5809803,0.2798,
643.5873787,0.2783,
644.5938582,0.2789,
645.5998781,0.2805,
646.6062768,0.2798,
647.6122546,0.279,
648.6186302,0.2799,
649.6268628,0.2818,
650.6366048,0.2799,
651.6430688,0.2814,
652.6497805,0.2796,
653.6561916,0.2808,
654.6627238,0.2807,
655.6702659,0.2811,
656.6776164,0.2827,
657.6887298,0.2843,
658.6974523,0.2812,
659.7045586,0.2844,
660.7104583,0.2838,
661.7169626,0.2829,
662.7224636,0.2862,
663.7287154,0.2833,
664.7344866,0.2821,
665.7408144,0.2827,
666.7472868,0.2799,
667.7536912,0.2842,
668.7601585,0.2793,
669.7664735,0.2793,
670.7737336,0.2817,
671.7801442,0.2795,
672.7862573,0.2813,
673.7927115,0.2805,
674.7990351,0.28,
675.8055153,0.2794,
676.8139558,0.2773,
677.8198485,0.2786,
678.8257279,0.2799,
679.83219,0.2793,
680.8385503,0.2802,
681.845001,0.2785,
682.8515139,0.2786,
683.8578854,0.2789,
684.8643062,0.2797,
685.8708074,0.2811,
686.8773994,0.2805,
687.8838851,0.2806,
688.8903756,0.2784,
689.8968222,0.279,
690.9032631,0.2786,
691.9097006,0.2812,
692.9161475,0.28,
693.9226615,0.2784,
694.929126,0.2794,
695.9354718,0.277,
696.9420676,0.2783,
697.9485607,0.281,
698.9551024,0.2785,
699.9616601,0.2778,
700.967751,0.2801,
701.9742379,0.281,
702.9798486,0.2786,
703.9863627,0.2777,
704.9930115,0.2796,
705.9993322,0.2785,
707.0059743,0.2784,
708.0122857,0.2784,
709.0186372,0.2781,
710.0251241,0.2787,
711.0315723,0.28,
712.0379295,0.2817,
713.0443306,0.2774,
714.0507696,0.278,
715.0572972,0.2818,
716.0638881,0.2785,
717.0702529,0.2832,
718.0768631,0.2793,
719.0832818,0.277,
720.0898688,0.2763,
721.0964255,0.2796,
722.1028955,0.2798,
723.1092756,0.2826,
724.1157696,0.2802,
725.1222029,0.2798,
726.1287174,0.2781,
727.1343737,0.2795,
728.1409588,0.2804,
729.1477053,0.2807,
730.1540275,0.2797,
731.159893,0.2776,
732.1666484,0.282,
733.1730261,0.2798,
734.1794674,0.2784,
735.1858115,0.282,
736.1924844,0.2778,
737.1989021,0.2813,
738.2054439,0.2779,
739.2118025,0.2788,
740.2182748,0.2792,
741.22472,0.2855,
742.2314215,0.278,
743.2379498,0.283,
744.2444146,0.2799,
745.2508779,0.2823,
746.2573957,0.2831,
747.2638559,0.2795,
748.2703102,0.2809,
749.2766633,0.2788,
750.2831497,0.2799,
751.2896299,0.2794,
752.29616,0.2796,
753.3026321,0.2813,
754.3092041,0.2806,
755.3155637,0.2787,
756.3219578,0.2822,
757.3283114,0.2802,
758.3338144,0.2813,
759.3402619,0.28,
760.346734,0.2793,
761.3532939,0.2811,
762.3596084,0.2788,
763.3660963,0.2806,
764.3724339,0.2796,
765.3789232,0.2805,
766.3853071,0.2809,
767.3918355,0.2796,
768.3981929,0.2782,
769.4047296,0.2779,
770.4110994,0.2788,
771.4173479,0.2786,
772.4232445,0.2813,
773.4295654,0.2827,
774.4351983,0.2841,
775.4417846,0.2787,
776.4481812,0.2797,
777.4546082,0.2809,
778.4611237,0.279,
779.4676979,0.2796,
780.4742434,0.2796,
781.4807272,0.2797,
782.4874012,0.2797,
783.4938948,0.2803,
784.5002921,0.2801,
785.5060117,0.2817,
786.512506,0.2805,
787.5188632,0.2805,
788.5250385,0.2806,
789.5314605,0.2775,
790.5377979,0.2804,
791.5441508,0.2823,
792.5498672,0.2789,
793.5565157,0.2786,
794.5628605,0.281,
795.5692818,0.2806,
796.5756423,0.282,
797.5820813,0.2797,
798.5886717,0.2815,
799.5944996,0.2788,
800.6009555,0.2788,
801.6074402,0.2774,
802.6138322,0.2814,
803.6203637,0.2804,
804.6290069,0.2812,
805.6395614,0.2789,
806.6520915,0.2811,
807.6585164,0.2807,
808.66487,0.2828,
809.6706333,0.2796,
810.6780212,0.2833,
811.6894183,0.2817,
812.6979742,0.2812,
813.7065692,0.2808,
814.7129824,0.2803,
815.718452,0.2835,
816.7248619,0.2798,
817.7312155,0.2814,
818.7374394,0.2821,
819.7438552,0.2808,
820.7501299,0.2787,
821.7565577,0.2814,
822.7624707,0.28,
823.7687793,0.2809,
824.7744782,0.2823,
825.7801404,0.2806,
826.7864637,0.2831,
827.7926877,0.2811,
828.7998509,0.2778,
829.8062043,0.2789,
830.8126462,0.2804,
831.8189609,0.2776,
832.8252306,0.2778,
833.8315279,0.2781,
834.8379059,0.2795,
835.8442848,0.2762,
836.8506742,0.2801,
837.8570426,0.281,
838.8631644,0.2787,
839.8695025,0.2815,
840.8758321,0.2796,
841.8821938,0.2813,
842.8884351,0.2786,
843.8944867,0.279,
844.9009457,0.2805,
845.9064715,0.2794,
846.9128802,0.2797,
847.9193738,0.2773,
848.9257736,0.2778,
849.932163,0.2829,
850.9384863,0.2802,
851.9440675,0.279,
852.9506075,0.2806,
853.9570143,0.2801,
854.9636381,0.2789,
855.9700372,0.2801,
856.9764075,0.2821,
857.9826436,0.2796,
858.9888752,0.2771,
859.9952717,0.2802,
861.0016015,0.2788,
862.0079763,0.28,
863.0143325,0.2808,
864.0198808,0.2774,
865.0261827,0.2796,
866.0325561,0.2809,
867.0389175,0.2855,
868.045203,0.2854,
869.0514565,0.2837,
870.0578315,0.2827,
871.0641603,0.2792,
872.0701802,0.2779,
873.0765641,0.2805,
874.0829041,0.2818,
875.0893502,0.2804,
876.0956225,0.2838,
877.1020832,0.2799,
878.1085832,0.2847,
879.1150527,0.2809,
880.1216419,0.2795,
881.1282697,0.2801,
882.1348224,0.2811,
883.1415131,0.2787,
884.1482508,0.28,
885.1549106,0.2788,
886.161186,0.2831,
887.1675737,0.2806,
888.1741531,0.2804,
889.1798518,0.2801,
890.18642,0.2816,
891.193104,0.278,
892.1997209,0.2803,
893.2063315,0.2779,
894.2128413,0.2801,
895.2184987,0.279,
896.2251151,0.2793,
897.2316904,0.2771,
898.2382214,0.2809,
899.2449977,0.2785,
900.2516489,0.2782,
901.2574084,0.2781,
902.2640388,0.2787,
903.2704661,0.2858,
904.276427,0.28,
905.2829449,0.28,
906.2894859,0.2809,
907.29618,0.2809,
908.3025,0.2812,
909.3088899,0.2788,
910.3155055,0.2814,
911.3219941,0.2804,
912.3287196,0.2806,
913.3351753,0.2779,
914.3408725,0.2779,
915.3473961,0.2794,
916.3540421,0.2783,
917.3605227,0.2786,
918.3671117,0.2805,
919.3736045,0.2781,
920.3801067,0.2789,
921.3864758,0.2795,
922.3930845,0.279,
923.3991952,0.2781,
924.4056857,0.2798,
925.4121313,0.2767,
926.4187105,0.279,
927.4251964,0.278,
928.4316163,0.2819,
929.4382753,0.2812,
930.4447255,0.2796,
931.4512188,0.2788,
932.4578164,0.2817,
933.464488,0.2805,
934.4710965,0.2796,
935.4778328,0.2796,
936.4844172,0.2818,
937.4910629,0.2789,
938.497745,0.28,
939.5044873,0.2794,
940.5109732,0.2807,
941.5169759,0.2787,
942.5234172,0.281,
943.5298877,0.2804,
944.5364211,0.2796,
945.5429244,0.2801,
946.5494325,0.2806,
947.5559845,0.2781,
948.5624902,0.2776,
949.5689647,0.2782,
950.5754459,0.2783,
951.5813472,0.2799,
952.588115,0.2761,
953.5947273,0.2772,
954.6012707,0.2815,
955.6077697,0.2807,
956.6143787,0.2784,
957.6209996,0.2812,
958.6403844,0.2778,
959.6474297,0.2771,
960.6540191,0.2804,
961.6605332,0.2805,
962.6664791,0.282,
963.6731322,0.2799,
964.6845958,0.2798,
965.6922314,0.2824,
966.6997128,0.281,
967.7079794,0.2821,
968.7163641,0.2809,
969.7264879,0.2808,
970.7329621,0.2826,
971.7395084,0.2789,
972.7464826,0.2824,
973.7530193,0.2811,
974.7596421,0.2804,
975.7662551,0.2818,
976.772758,0.2781,
977.7792263,0.2786,
978.7858391,0.2769,
979.7923589,0.2775,
980.7984753,0.2798,
981.8050766,0.2815,
982.8116539,0.2808,
983.8185375,0.2807,
984.8250525,0.2846,
985.8316069,0.2782,
986.8381429,0.2796,
987.8446083,0.2768,
988.8511739,0.2795,
989.8576655,0.2796,
990.8641491,0.2807,
991.870559,0.2804,
992.876935,0.2785,
993.8834014,0.2786,
994.8898852,0.2801,
995.896342,0.2811,
996.9023745,0.2809,
997.9089069,0.278,
998.9152751,0.2795,
999.9218528,0.2804,
1000.928491,0.2788,
1001.934977,0.2787,
1002.941648,0.281,
1003.948323,0.2773,
1004.954936,0.2797,
1005.961615,0.2814,
1006.968162,0.2783,
1007.974778,0.2791,
1008.981391,0.2806,
1009.988052,0.2791,
1010.994613,0.2794,
1012.0013,0.2804,
1013.007823,0.2799,
1014.014593,0.2808,
1015.021135,0.2793,
1016.027189,0.2803,
1017.033673,0.2784,
1018.040218,0.2773,
1019.046812,0.2786,
1020.053421,0.2782,
1021.060064,0.2802,
1022.066675,0.278,
1023.073408,0.2787,
1024.079898,0.2812,
1025.086418,0.2803,
1026.092972,0.2819,
1027.099465,0.2786,
1028.105944,0.2772,
1029.112561,0.2795,
1030.119189,0.2774,
1031.125689,0.2792,
1032.132162,0.2802,
1033.138498,0.2829,
1034.14507,0.2786,
1035.151588,0.2837,
1036.15816,0.2801,
1037.164799,0.2801,
1038.171434,0.2817,
1039.177961,0.2771,
1040.184487,0.2802,
1041.19099,0.2804,
1042.197459,0.2803,
1043.204046,0.2801,
1044.209876,0.2789,
1045.216509,0.2802,
1046.223127,0.2798,
1047.229647,0.2808,
1048.236113,0.281,
1049.242491,0.2743,
1050.248956,0.2816,
1051.255316,0.2781,
1052.261776,0.2807,
1053.268421,0.2842,
1054.274999,0.2829,
1055.28153,0.2804,
1056.288163,0.2784,
1057.294773,0.2806,
1058.301278,0.2807,
1059.307721,0.2801,
1060.314192,0.2809,
1061.319847,0.2823,
1062.326505,0.2795,
1063.333221,0.2796,
1064.339869,0.2795,
1065.346427,0.2815,
1066.353082,0.2807,
1067.359637,0.2761,
1068.366131,0.2783,
1069.372837,0.2791,
1070.379477,0.2793,
1071.386096,0.2783,
1072.39283,0.2798,
1073.399487,0.2805,
1074.406038,0.2811,
1075.412477,0.2786,
1076.419147,0.2793,
1077.425516,0.2796,
1078.431973,0.2808,
1079.438665,0.2792,
1080.445253,0.2777,
1081.451782,0.2805,
1082.458337,0.2799,
1083.464852,0.2778,
1084.471622,0.2789,
1085.47821,0.2824,
1086.484795,0.2802,
1087.490474,0.2806,
1088.496928,0.2796,
1089.503477,0.2789,
1090.510212,0.2814,
1091.516891,0.2792,
1092.523566,0.2796,
1093.530035,0.2805,
1094.536229,0.2784,
1095.542262,0.2802,
1096.548641,0.2807,
1097.555048,0.2804,
1098.561622,0.2801,
1099.568149,0.2813,
1100.574641,0.2767,
1101.581206,0.2777,
1102.587757,0.2774,
1103.594488,0.2797,
1104.601055,0.2775,
1105.607663,0.2823,
1106.614361,0.2808,
1107.619848,0.2785,
1108.627032,0.2807,
1109.634075,0.2795,
1110.640649,0.2827,
1111.651355,0.2837,
1112.659795,0.2844,
1113.666366,0.2816,
1114.679826,0.2829,
1115.705397,0.2809,
1116.713783,0.2806,
1117.719832,0.2807,
1118.726279,0.2836,
1119.732671,0.2824,
1120.73848,0.2844,
1121.744903,0.28,
1122.750838,0.2847,
1123.757427,0.2807,
1124.763911,0.2811,
1125.770341,0.2795,
1126.776871,0.2816,
1127.783133,0.2777,
1128.789507,0.2806,
1129.79601,0.2803,
1130.80684,0.2819,
1131.81331,0.2811,
1132.819758,0.2823,
1133.82618,0.2768,
1134.832581,0.2766,
1135.839193,0.2783,
1136.845592,0.279,
1137.85205,0.2787,
1138.858485,0.2805,
1139.865054,0.2803,
1140.871669,0.2793,
1141.878192,0.2797,
1142.884714,0.2787,
1143.891278,0.2805,
1144.897872,0.2786,
1145.904392,0.2802,
1146.910974,0.2801,
1147.917365,0.2792,
1148.923732,0.2803,
1149.929849,0.2804,
1150.936388,0.2788,
1151.942494,0.2834,
1152.949043,0.28,
1153.955597,0.2784,
1154.962159,0.2806,
1155.968912,0.2789,
1156.975385,0.2806,
1157.981899,0.2799,
1158.988422,0.2728,
1159.994979,0.273,
1161.001499,0.2731,
1162.007915,0.2731,
1163.014316,0.2734,
1164.020813,0.2725,
1165.027304,0.2729,
1166.033793,0.2729,
1167.040168,0.279,
1168.046617,0.2786,
1169.052759,0.2756,
1170.058856,0.2786,
1171.06415,0.2819,
1172.070371,0.2798,
1173.076221,0.2805,
1174.082327,0.2801,
1175.088565,0.2786,
1176.094687,0.2793,
1177.100859,0.2793,
1178.106966,0.2792,
1179.113345,0.2809,
1180.119397,0.28,
1181.125801,0.2797,
1182.131413,0.2791,
1183.137598,0.2784,
1184.143869,0.2814,
1185.149845,0.2792,
1186.156105,0.2794,
1187.162333,0.2784,
1188.168689,0.2804,
1189.17449,0.2805,
1190.180677,0.2813,
1191.186908,0.2815,
1192.193037,0.2818,
1193.198471,0.2806,
1194.204715,0.2808,
1195.21095,0.2781,
1196.21711,0.2798,
1197.223524,0.2805,
1198.229886,0.2806,
1199.23637,0.2817,
1200.242684,0.2791,
1201.249061,0.2796,
1202.255413,0.28,
1203.261678,0.2787,
1204.268112,0.2789,
1205.274534,0.2807,
1206.280896,0.2806,
1207.287327,0.2793,
1208.293777,0.2795,
1209.30023,0.2797,
1210.3065,0.2799,
1211.312881,0.2766,
1212.319351,0.2795,
1213.325692,0.2798,
1214.332043,0.2808,
1215.338442,0.277,
1216.344194,0.2802,
1217.349864,0.278,
1218.356308,0.2783,
1219.36262,0.2776,
1220.368739,0.2789,
1221.374885,0.2781,
1222.381269,0.2801,
1223.38761,0.2793,
1224.393987,0.2777,
1225.4003,0.2786,
1226.406603,0.2798,
1227.412704,0.28,
1228.419142,0.2784,
1229.425569,0.2801,
1230.432055,0.2809,
1231.438448,0.2805,
1232.444726,0.279,
1233.451164,0.2795,
1234.457518,0.2793,
1235.46387,0.2791,
1236.470276,0.2781,
1237.476648,0.2788,
1238.483011,0.2793,
1239.489504,0.2783,
1240.496027,0.2784,
1241.502332,0.2792,
1242.508757,0.2777,
1243.515124,0.282,
1244.521609,0.2787,
1245.528101,0.2793,
1246.533856,0.2796,
1247.539851,0.277,
1248.546254,0.2785,
1249.552875,0.2794,
1250.559324,0.279,
1251.565923,0.2785,
1252.571478,0.2785,
1253.577883,0.2784,
1254.584265,0.2785,
1255.58985,0.2808,
1256.596372,0.2779,
1257.602833,0.2788,
1258.609224,0.2801,
1259.615845,0.2815,
1260.622331,0.2791,
1261.634497,0.2812,
1262.642215,0.2795,
1263.654543,0.2804,
1264.660944,0.282,
1265.666475,0.2826,
1266.672773,0.2823,
1267.679163,0.2828,
1268.690826,0.2806,
1269.702569,0.2841,
1270.714033,0.2831,
1271.720578,0.2796,
1272.726457,0.2808,
1273.732826,0.2819,
1274.738467,0.285,
1275.744286,0.283,
1276.751447,0.2828,
1277.758276,0.2801,
1278.764263,0.2802,
1279.769866,0.2818,
1280.776276,0.2786,
1281.782689,0.2798,
1282.789167,0.2792,
1283.795593,0.2772,
1284.801971,0.2803,
1285.808466,0.2817,
1286.814436,0.2782,
1287.820951,0.2797,
1288.827536,0.2797,
1289.833962,0.2796,
1290.840433,0.2797,
1291.846724,0.278,
1292.853141,0.278,
1293.859556,0.2824,
1294.866008,0.2772,
1295.872391,0.2803,
1296.878846,0.2784,
1297.88546,0.2773,
1298.891944,0.278,
1299.898447,0.2854,
1300.904936,0.2868,
1301.911443,0.2795,
1302.917952,0.2822,
1303.924443,0.2821,
1304.930858,0.2776,
1305.937349,0.2848,
1306.943896,0.277,
1307.94987,0.2794,
1308.956389,0.2797,
1309.962816,0.28,
1310.969346,0.2804,
1311.975159,0.2813,
1312.981667,0.2816,
1313.988114,0.2792,
1314.994519,0.2809,
1316.001096,0.2802,
1317.007335,0.281,
1318.013746,0.2771,
1319.020289,0.2798,
1320.026753,0.2794,
1321.033281,0.2797,
1322.039677,0.2784,
1323.046166,0.2779,
1324.052783,0.2793,
1325.059274,0.2801,
1326.065612,0.2804,
1327.072101,0.2795,
1328.07859,0.2799,
1329.085178,0.2805,
1330.091668,0.2787,
1331.098142,0.2791,
1332.104551,0.2796,
1333.111135,0.2797,
1334.117533,0.2795,
1335.123156,0.279,
1336.129598,0.2809,
1337.136101,0.2817,
1338.142512,0.2819,
1339.148963,0.2814,
1340.155456,0.2803,
1341.161938,0.2764,
1342.168296,0.2802,
1343.174664,0.2806,
1344.181077,0.2821,
1345.187428,0.2809,
1346.193918,0.2802,
1347.200321,0.2781,
1348.206643,0.2822,
1349.21278,0.2788,
1350.219233,0.2812,
1351.225785,0.2803,
1352.232202,0.2799,
1353.238478,0.2798,
1354.244915,0.2806,
1355.251293,0.281,
1356.257679,0.2779,
1357.26404,0.2814,
1358.270446,0.2796,
1359.276999,0.2805,
1360.283544,0.281,
1361.28985,0.2787,
1362.296425,0.2797,
1363.30283,0.2771,
1364.309403,0.2786,
1365.315902,0.28,
1366.322301,0.2802,
1367.328575,0.2809,
1368.33494,0.2802,
1369.341317,0.2786,
1370.347641,0.2822,
1371.353923,0.2783,
1372.359846,0.2798,
1373.366025,0.28,
1374.372393,0.2803,
1375.378569,0.2795,
1376.384979,0.2815,
1377.391413,0.2814,
1378.397737,0.2774,
1379.404167,0.2827,
1380.410497,0.278,
1381.416814,0.2818,
1382.423304,0.2773,
1383.429692,0.2834,
1384.435966,0.279,
1385.442425,0.2792,
1386.448776,0.2836,
1387.454489,0.2792,
1388.459847,0.2778,
1389.466268,0.2796,
1390.472452,0.2815,
1391.478869,0.2777,
1392.485224,0.2809,
1393.490947,0.2787,
1394.497466,0.2791,
1395.503845,0.2783,
1396.510363,0.2761,
1397.516733,0.2785,
1398.52316,0.2861,
1399.529423,0.2779,
1400.535843,0.2821,
1401.542291,0.2789,
1402.548839,0.2816,
1403.555112,0.2793,
1404.561502,0.2783,
1405.56794,0.2807,
1406.574329,0.2806,
1407.579848,0.2792,
1408.58638,0.2825,
1409.592025,0.2776,
1410.598427,0.2787,
1411.604842,0.2814,
1412.611281,0.2823,
1413.617631,0.2792,
1414.624007,0.28,
1415.637163,0.2805,
1416.643843,0.2819,
1417.654148,0.2788,
1418.661805,0.2826,
1419.668242,0.2829,
1420.67464,0.2833,
1421.681671,0.2819,
1422.703466,0.2798,
1423.721033,0.282,
1424.728645,0.2846,
1425.735068,0.284,
1426.741477,0.2843,
1427.748054,0.2866,
1428.754471,0.2808,
1429.760926,0.2789,
1430.766487,0.2836,
1431.773034,0.2801,
1432.77944,0.2808,
1433.78624,0.2786,
1434.792665,0.2809,
1435.798488,0.2811,
1436.805023,0.2799,
1437.811641,0.2776,
1438.818204,0.2809,
1439.824825,0.2799,
1440.831305,0.2802,
1441.837726,0.2841,
1442.844306,0.2783,
1443.850873,0.2787,
1444.857415,0.286,
1445.864139,0.2807,
1446.870691,0.2806,
1447.877306,0.2845,
1448.88372,0.2789,
1449.890212,0.282,
1450.896731,0.2786,
1451.903056,0.277,
1452.909551,0.278,
1453.916042,0.2802,
1454.92248,0.2767,
1455.928832,0.281,
1456.935229,0.2793,
1457.941671,0.2804,
1458.948196,0.2805,
1459.954616,0.2789,
1460.961061,0.2803,
1461.967147,0.2809,
1462.97359,0.2808,
1463.979866,0.2797,
1464.98638,0.2809,
1465.995496,0.2781,
1467.001935,0.2783,
1468.008261,0.2771,
1469.014679,0.2808,
1470.020959,0.2803,
1471.027227,0.278,
1472.033842,0.2814,
1473.039267,0.2785,
1474.045624,0.2792,
1475.05214,0.2784,
1476.058648,0.2791,
1477.065018,0.2805,
1478.071551,0.2793,
1479.078039,0.2783,
1480.084505,0.2823,
1481.091067,0.2802,
1482.097466,0.2805,
1483.103843,0.2798,
1484.110162,0.2799,
1485.115985,0.2774,
1486.121815,0.2798,
1487.128179,0.2805,
1488.134776,0.2805,
1489.141219,0.2805,
1490.14782,0.2802,
1491.153636,0.2801,
1492.159864,0.2804,
1493.166237,0.2818,
1494.172742,0.2811,
1495.179168,0.2788,
1496.185528,0.2799,
1497.191898,0.2794,
1498.198497,0.2794,
1499.2042,0.2821,
1500.210747,0.2811,
1501.217198,0.282,
1502.223685,0.2829,
1503.230176,0.2792,
1504.236659,0.2809,
1505.242499,0.2806,
1506.248987,0.2787,
1507.255472,0.2799,
1508.261849,0.281,
1509.267576,0.2813,
1510.274126,0.2813,
1511.279858,0.2814,
1512.286484,0.2779,
1513.292934,0.2795,
1514.299546,0.2802,
1515.306139,0.2785,
1516.312773,0.279,
1517.319492,0.2795,
1518.326129,0.2812,
1519.332751,0.2795,
1520.339494,0.2783,
1521.346014,0.2802,
1522.352478,0.2794,
1523.358848,0.2785,
1524.365337,0.2801,
1525.371836,0.2769,
1526.378579,0.2789,
1527.3851,0.2812,
1528.391602,0.286,
1529.398093,0.2806,
1530.404505,0.2807,
1531.410989,0.2846,
1532.417437,0.2799,
1533.423838,0.2807,
1534.430316,0.2789,
1535.436814,0.2801,
1536.443354,0.2821,
1537.449942,0.279,
1538.45656,0.2793,
1539.463048,0.2792,
1540.469601,0.2791,
1541.476151,0.2809,
1542.482714,0.2804,
1543.489303,0.2787,
1544.495978,0.2811,
1545.502612,0.2799,
1546.509451,0.2796,
1547.516028,0.2778,
1548.52273,0.2808,
1549.529345,0.2789,
1550.535933,0.2821,
1551.542526,0.2788,
1552.549194,0.2802,
1553.555937,0.2798,
1554.562526,0.281,
1555.569298,0.2781,
1556.575727,0.2794,
1557.582423,0.2789,
1558.588964,0.2805,
1559.595574,0.2807,
1560.602266,0.2806,
1561.608792,0.2819,
1562.615463,0.2806,
1563.622133,0.2805,
1564.637664,0.279,
1565.64549,0.2823,
1566.652561,0.282,
1567.661276,0.2804,
1568.667638,0.2831,
1569.682113,0.2821,
1570.696877,0.2835,
1571.707956,0.2849,
1572.716067,0.2821,
1573.723254,0.2837,
1574.729814,0.2836,
1575.737509,0.2836,
1576.744188,0.2841,
1577.750461,0.2828,
1578.757092,0.2834,
1579.763674,0.2826,
1580.770319,0.2809,
1581.777014,0.2803,
1582.783686,0.2809,
1583.790263,0.2814,
1584.796903,0.2812,
1585.802515,0.2785,
1586.809186,0.2786,
1587.815604,0.2798,
1588.822125,0.2806,
1589.828884,0.2804,
1590.83548,0.2798,
1591.842104,0.2776,
1592.848842,0.2794,
1593.855308,0.2804,
1594.861909,0.2784,
1595.868448,0.2778,
1596.87494,0.2803,
1597.881423,0.2798,
1598.887911,0.2819,
1599.894536,0.2789,
1600.901146,0.2799,
1601.907833,0.2804,
1602.913575,0.2793,
1603.919997,0.2824,
1604.926475,0.2774,
1605.933027,0.2807,
1606.939777,0.2791,
1607.946496,0.2798,
1608.953129,0.2805,
1609.959845,0.2794,
1610.966471,0.279,
1611.973042,0.279,
1612.979729,0.2804,
1613.986288,0.2783,
1614.992788,0.2826,
1615.999365,0.2796,
1617.005938,0.2814,
1618.012493,0.2794,
1619.019027,0.2765,
1620.025792,0.2802,
1621.032372,0.2799,
1622.038869,0.2798,
1623.04538,0.2769,
1624.051927,0.2798,
1625.058444,0.2796,
1626.064945,0.279,
1627.071668,0.278,
1628.078176,0.2811,
1629.084635,0.2818,
1630.091045,0.2788,
1631.097618,0.2792,
1632.104024,0.2827,
1633.110618,0.2799,
1634.117314,0.281,
1635.123845,0.28,
1636.130574,0.2795,
1637.137235,0.2782,
1638.143841,0.2814,
1639.15059,0.2838,
1640.157231,0.2799,
1641.163816,0.283,
1642.17031,0.2804,
1643.176961,0.2835,
1644.18361,0.2787,
1645.190104,0.2818,
1646.196636,0.2779,
1647.203259,0.2787,
1648.209936,0.2803,
1649.216547,0.2828,
1650.223172,0.2812,
1651.229007,0.2823,
1652.235672,0.2803,
1653.242443,0.2806,
1654.249026,0.2814,
1655.255604,0.2812,
1656.262203,0.2812,
1657.268716,0.2801,
1658.274499,0.2815,
1659.281028,0.2817,
1660.287545,0.2792,
1661.294186,0.2799,
1662.300788,0.2763,
1663.306501,0.2827,
1664.313154,0.2814,
1665.319629,0.2812,
1666.32601,0.2791,
1667.332369,0.2785,
1668.338887,0.2754,
1669.346028,0.2776,
1670.353231,0.2777,
1671.359992,0.2766,
1672.367071,0.2776,
1673.373783,0.2789,
1674.380855,0.2762,
1675.386957,0.281,
1676.393421,0.2787,
1677.400192,0.2778,
1678.407619,0.2773,
1679.414756,0.2789,
1680.421451,0.2775,
1681.428577,0.2787,
1682.43584,0.2765,
1683.442957,0.2789,
1684.449988,0.2769,
1685.45745,0.2797,
1686.464758,0.2789,
1687.472096,0.2794,
1688.479316,0.2749,
1689.486533,0.2766,
1690.493522,0.2783,
1691.500643,0.2776,
1692.506758,0.2769,
1693.514076,0.2777,
1694.520287,0.278,
1695.527375,0.278,
1696.534701,0.279,
1697.54107,0.2794,
1698.547992,0.2783,
1699.55449,0.2766,
1700.561237,0.2773,
1701.567602,0.2771,
1702.574807,0.2758,
1703.581774,0.2753,
1704.588323,0.2811,
1705.594499,0.2799,
1706.600989,0.2784,
1707.608133,0.277,
1708.615493,0.2789,
1709.62283,0.2781,
1710.632113,0.2784,
1711.643955,0.2787,
1712.65125,0.2776,
1713.663159,0.2806,
1714.673336,0.2827,
1715.683406,0.2824,
1716.697027,0.281,
1717.709194,0.283,
1718.716722,0.2802,
1719.722461,0.2834,
1720.728959,0.2818,
1721.736765,0.2813,
1722.742463,0.2807,
1723.74847,0.2804,
1724.754474,0.2831,
1725.761003,0.2814,
1726.767558,0.2796,
1727.774226,0.2804,
